{
  "results": [
    {
      "command": "./domain_search",
      "mean": 0.059045470620000005,
      "stddev": 0.00026277326578345156,
      "median": 0.05914280462,
      "user": 0.05152875999999999,
      "system": 0.0024709,
      "min": 0.058628445620000004,
      "max": 0.05927118362000001,
      "times": [
        0.058955614620000006,
        0.05927118362000001,
        0.058628445620000004,
        0.059229304620000006,
        0.05914280462
      ],
      "exit_codes": [
        0,
        0,
        0,
        0,
        0
      ]
    }
  ]
}
